[
    { 
        "weekNo": 19,
        "primo": -120.00,
        "inflow": 32.02,
        "outflow": -597.00,
        "prod": 12.00,
        "order": -597.00,
        "budget": 30.00,
        "proposal": 15.00,
        "ultimo": -529.00
    },
    { 
        "weekNo": 20,
        "primo": -120.00,
        "inflow": 32.02,
        "outflow": -597.00,
        "prod": 12.00,
        "order": -597.00,
        "budget": 30.00,
        "proposal": 15.00,
        "ultimo": -529.00
    },
    { 
        "weekNo": 21,
        "primo": -120.00,
        "inflow": 32.02,
        "outflow": -597.00,
        "prod": 12.00,
        "order": -597.00,
        "budget": 30.00,
        "proposal": 15.00,
        "ultimo": -529.00
    },
    { 
        "weekNo": 22,
        "primo": -120.00,
        "inflow": 32.02,
        "outflow": -597.00,
        "prod": 12.00,
        "order": -597.00,
        "budget": 30.00,
        "proposal": 15.00,
        "ultimo": -529.00
    },
    { 
        "weekNo": 23,
        "primo": -120.00,
        "inflow": 32.02,
        "outflow": -597.00,
        "prod": 12.00,
        "order": -597.00,
        "budget": 30.00,
        "proposal": 15.00,
        "ultimo": -529.00
    }
]